category,title,price,link
Top results,Morrisons Satsumas 600g,£1.00,https://groceries.morrisons.com/products/morrisons-satsumas-600g/108378216
Top results,Morrisons Oranges,£1.35,https://groceries.morrisons.com/products/morrisons-oranges/109541521
Top results,Morrisons Loose Orange,£0.30,https://groceries.morrisons.com/products/morrisons-loose-orange/108378785
Top results,Morrisons Large Oranges,£2.20,https://groceries.morrisons.com/products/morrisons-large-oranges/109486809
Top results,Morrisons Tangerines 600g,£1.50,https://groceries.morrisons.com/products/morrisons-tangerines-600g/108379497
Orange,Tropicana Original Orange Juice,£2.25,https://groceries.morrisons.com/products/tropicana-original-orange-juice/107251272
Orange,Tropicana Multi Vitamins Juice,£2.25,https://groceries.morrisons.com/products/tropicana-multi-vitamins-juice/107251125
Orange,Innocent Smooth Orange Juice,£3.20,https://groceries.morrisons.com/products/innocent-smooth-orange-juice/103133471
Orange,Innocent Orange Juice with Bits,£3.20,https://groceries.morrisons.com/products/innocent-orange-juice-with-bits/103124874
Orange,Morrisons 100% Smooth Orange Fruit Juice,£3.00,https://groceries.morrisons.com/products/morrisons-100-smooth-orange-fruit-juice/108496589
Orange,Morrisons Orange Juice from Concentrate,£1.75,https://groceries.morrisons.com/products/morrisons-orange-juice-from-concentrate/104987946
Orange,Innocent Smooth Orange Juice,£4.40,https://groceries.morrisons.com/products/innocent-smooth-orange-juice/103080841
Orange,Tropicana Long Life Pure Smooth Orange Fruit Juice,£2.50,https://groceries.morrisons.com/products/tropicana-long-life-pure-smooth-orange-fruit-juice/113352109
Orange,Tropicana Long Life Pure Original Orange Fruit Juice,£2.50,https://groceries.morrisons.com/products/tropicana-long-life-pure-original-orange-fruit-juice/113352070
Orange,Innocent Orange Juice with Bits,£4.40,https://groceries.morrisons.com/products/innocent-orange-juice-with-bits/103087583
Orange,Morrisons 100% Orange Juice with Bits,£2.25,https://groceries.morrisons.com/products/morrisons-100-orange-juice-with-bits/106166658
Orange,Tropicana Original Orange with Juicy Bits,£3.25,https://groceries.morrisons.com/products/tropicana-original-orange-with-juicy-bits/112447561
Orange,Morrisons 100% Orange Juice With Bits,£3.00,https://groceries.morrisons.com/products/morrisons-100-orange-juice-with-bits/108496554
Orange,Morrisons Not From Concentrate Orange Juice,£2.75,https://groceries.morrisons.com/products/morrisons-not-from-concentrate-orange-juice/107913310
Orange,Tropicana Pure Orange Fruit Juice with Extra Juicy Bits,£3.25,https://groceries.morrisons.com/products/tropicana-pure-orange-fruit-juice-with-extra-juicy-bits/112447528
Orange,Tropicana Pure Smooth Orange Fruit Juice,£3.25,https://groceries.morrisons.com/products/tropicana-pure-smooth-orange-fruit-juice/112447544
Orange,Morrisons 100% Fruit Clementine Juice,£2.25,https://groceries.morrisons.com/products/morrisons-100-fruit-clementine-juice/106166447
Orange,Morrisons Orange Juice from Concentrate with Juicy Bits,£1.75,https://groceries.morrisons.com/products/morrisons-orange-juice-from-concentrate-with-juicy-bits/104987989
Orange,Robinsons Orange Squash No Added Sugar,£2.00,https://groceries.morrisons.com/products/robinsons-orange-squash-no-added-sugar/100163552
Orange,Robinsons Mini Orange On-The-Go Squash,£2.75,https://groceries.morrisons.com/products/robinsons-mini-orange-on-the-go-squash/112321491
Orange,Robinsons Double Strength Orange No Added Sugar Squash,£2.50,https://groceries.morrisons.com/products/robinsons-double-strength-orange-no-added-sugar-squash/100918020
Orange,Robinsons Fruit Creations Orange & Mango Squash,£1.75,https://groceries.morrisons.com/products/robinsons-fruit-creations-orange-mango-squash/109716459
Orange,Robinsons Fruit Creations Exotic Pineapple Mango & Passion Fruit Squash,£1.75,https://groceries.morrisons.com/products/robinsons-fruit-creations-exotic-pineapple-mango-passion-fruit-squash/110244612
Orange,Robinsons Double Strength Orange & Pineapple No Added Sugar Squash,£2.50,https://groceries.morrisons.com/products/robinsons-double-strength-orange-pineapple-no-added-sugar-squash/105143171
Orange,Morrisons No Added Sugar Orange High Juice Squash,£1.90,https://groceries.morrisons.com/products/morrisons-no-added-sugar-orange-high-juice-squash/105168408
Orange,Morrisons No Added Sugar Orange Double Concentrate Squash,£0.99,https://groceries.morrisons.com/products/morrisons-no-added-sugar-orange-double-concentrate-squash/107099830
Orange,Vimto Wonderfuel Mango & Orange No Added Sugar Cordial 725ml,£2.00,https://groceries.morrisons.com/products/vimto-wonderfuel-mango-orange-no-added-sugar-cordial-725ml/114806432
Orange,Vimto Squash Blood Orange Lemon & Lime,£2.00,https://groceries.morrisons.com/products/vimto-squash-blood-orange-lemon-lime/113772189
Orange,Morrisons Orange Quadruple Strength Squash,£1.85,https://groceries.morrisons.com/products/morrisons-orange-quadruple-strength-squash/114126411
Orange,Robinsons Double Strength Orange Squash,£2.00,https://groceries.morrisons.com/products/robinsons-double-strength-orange-squash/113738360
Orange,Robinsons Double Strength Orange & Pineapple,£2.00,https://groceries.morrisons.com/products/robinsons-double-strength-orange-pineapple/113738319
"Events, Inspiration & Ways To Save",Morrisons The Best Diced Italian Orange,£3.25,https://groceries.morrisons.com/products/morrisons-the-best-diced-italian-orange/109282507
"Events, Inspiration & Ways To Save",Morrisons Oranges 9 Pack,£2.00,https://groceries.morrisons.com/products/morrisons-oranges-9-pack/115015026
"Events, Inspiration & Ways To Save",Morrisons Organic Oranges 4 Pack,£2.00,https://groceries.morrisons.com/products/morrisons-organic-oranges-4-pack/112771176
"Events, Inspiration & Ways To Save",Morrisons Loose Orange Pepper,£0.69,https://groceries.morrisons.com/products/morrisons-loose-orange-pepper/108408438
"Events, Inspiration & Ways To Save",Morrisons The Best Extra Large Oranges,£2.30,https://groceries.morrisons.com/products/morrisons-the-best-extra-large-oranges/113608725
"Events, Inspiration & Ways To Save",Market Street Deli Duck & Orange Pate,£0.75,https://groceries.morrisons.com/products/market-street-deli-duck-orange-pate/111022042
"Events, Inspiration & Ways To Save",Morrisons Loose Orange Pepper,£0.69,https://groceries.morrisons.com/products/morrisons-loose-orange-pepper/108408331
"Events, Inspiration & Ways To Save",Kayman Foam Roller Orange,£7.50,https://groceries.morrisons.com/products/kayman-foam-roller-orange/113966311
"Events, Inspiration & Ways To Save",Morrisons Loose Sweetclem,£0.30,https://groceries.morrisons.com/products/morrisons-loose-sweetclem/109161844
"Events, Inspiration & Ways To Save",Morrisons The Best Sweetclems,£2.20,https://groceries.morrisons.com/products/morrisons-the-best-sweetclems/113626536
"Events, Inspiration & Ways To Save",Morrisons Sweetclems,£3.00,https://groceries.morrisons.com/products/morrisons-sweetclems/111128007
"Events, Inspiration & Ways To Save",Market Street Chocolate & Orange Doughnuts,£0.50,https://groceries.morrisons.com/products/market-street-chocolate-orange-doughnuts/113837093
Orange,Morrisons No Added Sugar Orange Crush,£0.80,https://groceries.morrisons.com/products/morrisons-no-added-sugar-orange-crush/106247870
Orange,Fanta Orange,£1.95,https://groceries.morrisons.com/products/fanta-orange/100162357
Orange,Orangina Sparkling Fruit Drink Cans 6 Pack,£3.00,https://groceries.morrisons.com/products/orangina-sparkling-fruit-drink-cans-6-pack/107667753
Orange,Fanta Orange Cans,£2.50,https://groceries.morrisons.com/products/fanta-orange-cans/111143477
Orange,Fanta Orange Zero,£1.95,https://groceries.morrisons.com/products/fanta-orange-zero/107600170
Orange,IRN-BRU 1901 Soft Drink,£2.00,https://groceries.morrisons.com/products/irn-bru-1901-soft-drink/110951229
Orange,Fanta Lemon Soft Drink,£1.95,https://groceries.morrisons.com/products/fanta-lemon-soft-drink/107473676
Orange,Tango Orange Original Bottle,£2.00,https://groceries.morrisons.com/products/tango-orange-original-bottle/100156977
Orange,Tango Orange Original Cans,£9.50,https://groceries.morrisons.com/products/tango-orange-original-cans/111491893
Orange,Fanta Orange Cans,£7.00,https://groceries.morrisons.com/products/fanta-orange-cans/111003221
Orange,Tango Orange Sugar Free Bottle,£2.00,https://groceries.morrisons.com/products/tango-orange-sugar-free-bottle/108488319
Orange,Club Orange,£2.50,https://groceries.morrisons.com/products/club-orange/113176571
Orange,Fanta Orange Zero,£2.15,https://groceries.morrisons.com/products/fanta-orange-zero/100156854
Orange,Fanta Orange,£0.65,https://groceries.morrisons.com/products/fanta-orange/100138980
Orange,Fanta Orange,£2.15,https://groceries.morrisons.com/products/fanta-orange/100156846
Orange,Tango Orange Original Bottle,£1.60,https://groceries.morrisons.com/products/tango-orange-original-bottle/111073851
Orange,Crodo Orange Soda,£1.30,https://groceries.morrisons.com/products/crodo-orange-soda/114845685
Orange,Fentimans Madarin & Seville Orange Jigger,£3.50,https://groceries.morrisons.com/products/fentimans-madarin-seville-orange-jigger/113890089
Orange,San Pellegrino Orange Cans,£4.80,https://groceries.morrisons.com/products/san-pellegrino-orange-cans/112643115
Orange,Tango Orange Original Cans,£3.35,https://groceries.morrisons.com/products/tango-orange-original-cans/113738634
Orange,San Pellegrino Blood Orange Cans,£4.80,https://groceries.morrisons.com/products/san-pellegrino-blood-orange-cans/112643203
Orange,Tango Orange Sugar Free Cans,£3.35,https://groceries.morrisons.com/products/tango-orange-sugar-free-cans/113738669
Orange,Lowes Sugar Free Orangeade 2L,£0.75,https://groceries.morrisons.com/products/lowes-sugar-free-orangeade-2l/109767846
Orange,Fanta Orange Cans,£3.45,https://groceries.morrisons.com/products/fanta-orange-cans/110471508
Orange,Fanta Orange,£12.00,https://groceries.morrisons.com/products/fanta-orange/113492494
Orange,Fanta Orange Zero,£12.00,https://groceries.morrisons.com/products/fanta-orange-zero/113926601
Orange,Fanta Orange Zero Cans,£3.75,https://groceries.morrisons.com/products/fanta-orange-zero-cans/110853611
Orange,Fanta Orange Cans,£3.75,https://groceries.morrisons.com/products/fanta-orange-cans/110853581
Chilled Juice,Tropicana Original Orange With Juicy Bits,£3.50,https://groceries.morrisons.com/products/tropicana-original-orange-with-juicy-bits/113783814
Chilled Juice,Innocent Orange Juice Smooth,£3.50,https://groceries.morrisons.com/products/innocent-orange-juice-smooth/112535587
Chilled Juice,Tropicana Smooth Orange,£3.50,https://groceries.morrisons.com/products/tropicana-smooth-orange/113783849
Chilled Juice,Tropicana Fresh & Light Orange 850ml,£1.75,https://groceries.morrisons.com/products/tropicana-fresh-light-orange-850ml/114870063
Chilled Juice,Morrisons 100% Fruit Smooth Orange Juice 1L,£2.25,https://groceries.morrisons.com/products/morrisons-100-fruit-smooth-orange-juice-1l/106166771
Chilled Juice,Morrisons The Best Freshly Squeezed Orange Juice with Bits,£3.15,https://groceries.morrisons.com/products/morrisons-the-best-freshly-squeezed-orange-juice-with-bits/104724855
Chilled Juice,Tropicana Pure Orange & Mango Fruit Juice,£3.25,https://groceries.morrisons.com/products/tropicana-pure-orange-mango-fruit-juice/107248081
Chilled Juice,Sunny D Tangy Florida,£1.10,https://groceries.morrisons.com/products/sunny-d-tangy-florida/114079280
Chocolate,Morrisons The Best 52% Cocoa Dark Chocolate With Orange,£2.40,https://groceries.morrisons.com/products/morrisons-the-best-52-cocoa-dark-chocolate-with-orange/108073842
Chocolate,Cadbury Dairy Milk Orange Giant Buttons 100g,£2.00,https://groceries.morrisons.com/products/cadbury-dairy-milk-orange-giant-buttons-100g/114791091
Chocolate,Cadbury Twirl Orange 3x43g,£2.40,https://groceries.morrisons.com/products/cadbury-twirl-orange-3x43g/114807460
Chocolate,Terry's Chocolate Orange Bar,£1.35,https://groceries.morrisons.com/products/terry-s-chocolate-orange-bar/111180948
Chocolate,Lindt Excellence Intense Orange Dark Chocolate,£3.00,https://groceries.morrisons.com/products/lindt-excellence-intense-orange-dark-chocolate/100154453
Chocolate,Terry's Chocolate Orange Bars 3 x 35g,£1.35,https://groceries.morrisons.com/products/terry-s-chocolate-orange-bars-3-x-35g/111180868
Chocolate,Ritter Sport Orange,£1.90,https://groceries.morrisons.com/products/ritter-sport-orange/112610049
Chocolate,Terry's Milk Chocolate Orange,£2.00,https://groceries.morrisons.com/products/terry-s-milk-chocolate-orange/108238184
Chocolate,Toblerone Orange Twist Milk Chocolate Bar,£6.00,https://groceries.morrisons.com/products/toblerone-orange-twist-milk-chocolate-bar/112379511
Chocolate,Fry's Orange Cream Multipack 3 Pack,£1.00,https://groceries.morrisons.com/products/fry-s-orange-cream-multipack-3-pack/110408509
Chocolate,Aero Melts Orange Pouch,£1.50,https://groceries.morrisons.com/products/aero-melts-orange-pouch/113582545
Chocolate,Terry's Chocolate Orange Minis Chocolate Bag,£1.50,https://groceries.morrisons.com/products/terry-s-chocolate-orange-minis-chocolate-bag/107253593
Chocolate,Cadbury Dairy Milk Orange Chocolate Giant Buttons Bag,£1.75,https://groceries.morrisons.com/products/cadbury-dairy-milk-orange-chocolate-giant-buttons-bag/111734120
Tropical & Other Citrus,Innocent Plus Citrus Shield Orange & Carrot Juice With Vitamins,£4.00,https://groceries.morrisons.com/products/innocent-plus-citrus-shield-orange-carrot-juice-with-vitamins/110491322
Kids & Lunchbox Drinks,Capri-Sun Orange,£1.00,https://groceries.morrisons.com/products/capri-sun-orange/100144811
Kids & Lunchbox Drinks,Fruit Shoot Orange,£0.70,https://groceries.morrisons.com/products/fruit-shoot-orange/104811289
Kids & Lunchbox Drinks,Tropicana Pure Smooth Orange Fruit Juice Multipack,£3.25,https://groceries.morrisons.com/products/tropicana-pure-smooth-orange-fruit-juice-multipack/103098602
Kids & Lunchbox Drinks,Morrisons No Added Sugar Orange Juice Drink,£1.25,https://groceries.morrisons.com/products/morrisons-no-added-sugar-orange-juice-drink/106309524
Kids & Lunchbox Drinks,Morrisons Orange Juice from Concentrate,£1.25,https://groceries.morrisons.com/products/morrisons-orange-juice-from-concentrate/106308361
Kids & Lunchbox Drinks,Fruitshoot Orange Juice Drink,£6.75,https://groceries.morrisons.com/products/fruitshoot-orange-juice-drink/114044159
Orange Marmalades,Bonne Maman Bitter Orange Marmalade,£2.30,https://groceries.morrisons.com/products/bonne-maman-bitter-orange-marmalade/104538438
Orange Marmalades,Frank Cooper's Fine Cut Oxford Marmalade,£2.50,https://groceries.morrisons.com/products/frank-cooper-s-fine-cut-oxford-marmalade/100097145
Orange Marmalades,Frank Cooper's Original Oxford Marmalade,£2.50,https://groceries.morrisons.com/products/frank-cooper-s-original-oxford-marmalade/100097153
Orange Marmalades,Morrisons The Best Seville Orange Marmalade,£1.80,https://groceries.morrisons.com/products/morrisons-the-best-seville-orange-marmalade/108415953
Orange Marmalades,La Vieja Fabrica Seville Orange St Clements Marmalade,£2.50,https://groceries.morrisons.com/products/la-vieja-fabrica-seville-orange-st-clements-marmalade/111588126
Orange Marmalades,La Vieja Fabrica Seville Orange Fine Cut Marmalade,£2.15,https://groceries.morrisons.com/products/la-vieja-fabrica-seville-orange-fine-cut-marmalade/111588011
Orange Marmalades,Bonne Maman Marmalade,£0.65,https://groceries.morrisons.com/products/bonne-maman-marmalade/113441857
Orange Marmalades,Morrisons The Best Orange & Ginger Marmalade,£1.79,https://groceries.morrisons.com/products/morrisons-the-best-orange-ginger-marmalade/112059517
Orange Marmalades,Mackays Vintage Dundee Orange Marmalade,£2.00,https://groceries.morrisons.com/products/mackays-vintage-dundee-orange-marmalade/108018587
Orange Marmalades,Duerr's Thick Cut Classic Seville Orange Marmalade,£1.50,https://groceries.morrisons.com/products/duerr-s-thick-cut-classic-seville-orange-marmalade/110378119
Orange Marmalades,Duerr's Fine Cut Seville Orange Marmalade,£1.50,https://groceries.morrisons.com/products/duerr-s-fine-cut-seville-orange-marmalade/110378143
Orange Marmalades,Mackays Seville Orange Marmalade,£2.00,https://groceries.morrisons.com/products/mackays-seville-orange-marmalade/104550120
Orange Marmalades,Mackays The Dundee Orange Marmalade,£2.00,https://groceries.morrisons.com/products/mackays-the-dundee-orange-marmalade/100103445
Orange Marmalades,Robertson's Golden Shred Marmalade,£2.29,https://groceries.morrisons.com/products/robertson-s-golden-shred-marmalade/100107948
Orange Marmalades,Mackays Three Fruit Marmalade,£2.00,https://groceries.morrisons.com/products/mackays-three-fruit-marmalade/100103453
Orange Marmalades,Robertson's Golden Shredless Marmalade,£2.29,https://groceries.morrisons.com/products/robertson-s-golden-shredless-marmalade/100107930
Orange Marmalades,Morrisons Shredless Marmalade,£1.00,https://groceries.morrisons.com/products/morrisons-shredless-marmalade/113165881
Orange Marmalades,Morrisons Fine Cut Marmalade,£1.00,https://groceries.morrisons.com/products/morrisons-fine-cut-marmalade/113165821
Orange Marmalades,Morrisons Reduced Sugar Fine Cut Orange Marmalade,£1.00,https://groceries.morrisons.com/products/morrisons-reduced-sugar-fine-cut-orange-marmalade/105730253
Orange Marmalades,Morrisons Thick Cut Marmalade,£1.00,https://groceries.morrisons.com/products/morrisons-thick-cut-marmalade/113166859
Ambient Juice,Juiceburst Orange,£1.95,https://groceries.morrisons.com/products/juiceburst-orange/113976368
Ambient Juice,Morrisons No Added Sugar Orange Juice Drink,£1.35,https://groceries.morrisons.com/products/morrisons-no-added-sugar-orange-juice-drink/107458783
Ambient Juice,Morrisons Orange Juice From Concentrate Smooth 1L,£1.75,https://groceries.morrisons.com/products/morrisons-orange-juice-from-concentrate-smooth-1l/104418057
Ambient Juice,Morrisons Orange Juice with Bits From Concentrate,£1.75,https://groceries.morrisons.com/products/morrisons-orange-juice-with-bits-from-concentrate/104418250
Ambient Juice,"Morrisons Nourish Carrot, Orange & Ginger Juice",£2.00,https://groceries.morrisons.com/products/morrisons-nourish-carrot-orange-ginger-juice/111640166
Ambient Juice,Morrisons Savers Orange Juice Drink,£1.45,https://groceries.morrisons.com/products/morrisons-savers-orange-juice-drink/113083404
Ambient Juice,Cawston Press Orange Fruit Water,£2.25,https://groceries.morrisons.com/products/cawston-press-orange-fruit-water/113743804
Biscuits,McVitie's Penguin & Friends Cocoa & Orange Biscuits,£1.25,https://groceries.morrisons.com/products/mcvitie-s-penguin-friends-cocoa-orange-biscuits/113881220
Biscuits,Club Orange Biscuit Bar 7pk,£1.25,https://groceries.morrisons.com/products/club-orange-biscuit-bar-7pk/112988421
Biscuits,Cadbury Twirl Orange,£1.00,https://groceries.morrisons.com/products/cadbury-twirl-orange/110890251
Biscuits,Cadbury Timeout Wafer Orange Chocolate Biscuit Bars 6 Pack,£1.25,https://groceries.morrisons.com/products/cadbury-timeout-wafer-orange-chocolate-biscuit-bars-6-pack/114147801
Biscuits,Morrisons The Best All Butter Chocolate & Orange Flavour Cookies,£2.25,https://groceries.morrisons.com/products/morrisons-the-best-all-butter-chocolate-orange-flavour-cookies/108416067
Biscuits,Cadbury Delights Orange Caramel Chocolate Nougat Bar 5 Pack,£1.50,https://groceries.morrisons.com/products/cadbury-delights-orange-caramel-chocolate-nougat-bar-5-pack/112996412
Biscuits,Border Dark Chocolate Orange Biscuits,£1.50,https://groceries.morrisons.com/products/border-dark-chocolate-orange-biscuits/112513783
Biscuits,Nakd Cocoa Orange Bar,£0.99,https://groceries.morrisons.com/products/nakd-cocoa-orange-bar/100097701
Biscuits,Kit Kat 2 Finger Orange 12 Pack,£2.90,https://groceries.morrisons.com/products/kit-kat-2-finger-orange-12-pack/114999001
Biscuits,Kit Kat 2 Finger Orange 8 Pack,£2.00,https://groceries.morrisons.com/products/kit-kat-2-finger-orange-8-pack/114807654
Biscuits,Nakd Big Bar Cocoa Orange,£1.50,https://groceries.morrisons.com/products/nakd-big-bar-cocoa-orange/113397972
Biscuits,Nakd Cocoa Orange 4 Raw Fruit & Nut Bars,£3.00,https://groceries.morrisons.com/products/nakd-cocoa-orange-4-raw-fruit-nut-bars/109976963
Biscuits,Border Dark Chocolate & Orange 6 Biscuit Bars,£2.00,https://groceries.morrisons.com/products/border-dark-chocolate-orange-6-biscuit-bars/112513652
Biscuits,Penguin Orange Biscuit Bar 7pk,£2.00,https://groceries.morrisons.com/products/penguin-orange-biscuit-bar-7pk/112942457
Biscuits,The Bakehouse Jaffa Choc Chunk & Orange Cookies,£2.50,https://groceries.morrisons.com/products/the-bakehouse-jaffa-choc-chunk-orange-cookies/114038912
Biscuits,Kellogg's Rice Krispies Squares Chocolate Orange Snack Bars,£2.25,https://groceries.morrisons.com/products/kellogg-s-rice-krispies-squares-chocolate-orange-snack-bars/112367923
Biscuits,Bahlsen Choco Leibniz Orange Chocolate Biscuits,£2.25,https://groceries.morrisons.com/products/bahlsen-choco-leibniz-orange-chocolate-biscuits/113385832
Biscuits,Belvita Baked Bar Orange and Chocolate,£1.75,https://groceries.morrisons.com/products/belvita-baked-bar-orange-and-chocolate/114231165
Chilled Smoothies,"Innocent Smoothies Kids Oranges, Mangoes & Pineapples",£5.99,https://groceries.morrisons.com/products/innocent-smoothies-kids-oranges-mangoes-pineapples/111088691
Chilled Smoothies,"Innocent Kids Smoothies Peaches, Passion Fruits & Oranges",£3.60,https://groceries.morrisons.com/products/innocent-kids-smoothies-peaches-passion-fruits-oranges/110942306
Chilled Smoothies,"Innocent Smoothies Kids Oranges, Mangoes & Pineapples Juice",£3.60,https://groceries.morrisons.com/products/innocent-smoothies-kids-oranges-mangoes-pineapples-juice/110942277
Gifts,Munchies Orange Caramel 100g,£1.50,https://groceries.morrisons.com/products/munchies-orange-caramel-100g/114001167
Gifts,Quality Street Matchmakers Zingy Orange Chocolate Box,£2.00,https://groceries.morrisons.com/products/quality-street-matchmakers-zingy-orange-chocolate-box/110131538
Bakery & Cakes,Mr Kipling Chocolate Orange Lunchbox Slices 4 Pack,£1.00,https://groceries.morrisons.com/products/mr-kipling-chocolate-orange-lunchbox-slices-4-pack/114808227
Bakery & Cakes,Cadbury Orange Mini Rolls Cakes Multipack Snack 5pk,£1.75,https://groceries.morrisons.com/products/cadbury-orange-mini-rolls-cakes-multipack-snack-5pk/113100227
Bakery & Cakes,Market Town Chocolate And Orange Loaf Cake,£2.95,https://groceries.morrisons.com/products/market-town-chocolate-and-orange-loaf-cake/113300026
Bakery & Cakes,Market Street Chocolate Orange Doughnuts,£1.00,https://groceries.morrisons.com/products/market-street-chocolate-orange-doughnuts/111809697
Water,Morrisons Orange & Pineapple Water,£1.45,https://groceries.morrisons.com/products/morrisons-orange-pineapple-water/106389149
Water,Morrisons No Added Sugar Still Orange & Peach Spring Water,£0.80,https://groceries.morrisons.com/products/morrisons-no-added-sugar-still-orange-peach-spring-water/104893801
Water,Radnor Splash Orange & Passion Fruit Flavoured Water,£1.00,https://groceries.morrisons.com/products/radnor-splash-orange-passion-fruit-flavoured-water/111527358
Home & Garden,Nutmeg Home Waxfill Glass Cranberry Orange,£1.25,https://groceries.morrisons.com/products/nutmeg-home-waxfill-glass-cranberry-orange/113129054
Home & Garden,Nutmeg Home Supersoft Cotton Face Cloth Burnt Orange,£0.80,https://groceries.morrisons.com/products/nutmeg-home-supersoft-cotton-face-cloth-burnt-orange/113830158
Home & Garden,Nutmeg Home Supersoft Cotton Bath Towel Burnt Orange,£6.00,https://groceries.morrisons.com/products/nutmeg-home-supersoft-cotton-bath-towel-burnt-orange/113830211
Home & Garden,Nutmeg Home Supersoft Cotton Bath Sheet Burnt Orange,£9.00,https://groceries.morrisons.com/products/nutmeg-home-supersoft-cotton-bath-sheet-burnt-orange/113830246
Home & Garden,Nutmeg Home Supersoft Cotton Hand Towel Burnt Orange,£3.00,https://groceries.morrisons.com/products/nutmeg-home-supersoft-cotton-hand-towel-burnt-orange/113830182
Home & Garden,Nutmeg Home Supersoft Bath Mat Burnt Orange,£6.00,https://groceries.morrisons.com/products/nutmeg-home-supersoft-bath-mat-burnt-orange/113824866
Home & Garden,Nutmeg Home Cranberry Orange Wax Melts,£1.00,https://groceries.morrisons.com/products/nutmeg-home-cranberry-orange-wax-melts/112587070
Home & Garden,Morrisons Sticky Labels Set Oranges,£1.50,https://groceries.morrisons.com/products/morrisons-sticky-labels-set-oranges/113530631
Home & Garden,Nutmeg Home Cranberry Orange Reed Diffuser,£3.00,https://groceries.morrisons.com/products/nutmeg-home-cranberry-orange-reed-diffuser/112587133
Home & Garden,Nutmeg Bright Reusable Ice Cubes Orange Slice,£2.00,https://groceries.morrisons.com/products/nutmeg-bright-reusable-ice-cubes-orange-slice/114425533
Home & Garden,Nutmeg Home Cranberry Orange Tealights,£2.00,https://groceries.morrisons.com/products/nutmeg-home-cranberry-orange-tealights/112586923
Home & Garden,Nutmeg Home Diffuser Refill Cranberry Orange 240ml,£3.00,https://groceries.morrisons.com/products/nutmeg-home-diffuser-refill-cranberry-orange-240ml/114220301
Frozen,Del Monte 100% Orange Ice Lollies,£2.50,https://groceries.morrisons.com/products/del-monte-100-orange-ice-lollies/104448862
Frozen,Solero Ice Cream Sticks Orange Burst,£2.75,https://groceries.morrisons.com/products/solero-ice-cream-sticks-orange-burst/114461391
Frozen,Calippo Mini Orange & Lime Ice Lollies,£2.75,https://groceries.morrisons.com/products/calippo-mini-orange-lime-ice-lollies/112944823
Frozen,Rowntrees Fruit Pastille Push Ups Blackcurrant & Orange,£2.50,https://groceries.morrisons.com/products/rowntrees-fruit-pastille-push-ups-blackcurrant-orange/113482608
Frozen,Walls Calippo Orange,£1.60,https://groceries.morrisons.com/products/walls-calippo-orange/100002272
Frozen,Morrisons Valencia Orange Ice Lollies,£2.50,https://groceries.morrisons.com/products/morrisons-valencia-orange-ice-lollies/108267971
Rice Pudding & Desserts,Hartley's No Added Sugar Orange Jelly Pot,£0.80,https://groceries.morrisons.com/products/hartley-s-no-added-sugar-orange-jelly-pot/100129258
Rice Pudding & Desserts,Hartley's Orange Jelly Pot,£0.80,https://groceries.morrisons.com/products/hartley-s-orange-jelly-pot/100129223
Rice Pudding & Desserts,Hartley's 10 Cal Jelly Orange,£0.89,https://groceries.morrisons.com/products/hartley-s-10-cal-jelly-orange/107132880
Rice Pudding & Desserts,Tango Double Squeezee Orange & Mango Ice Pops 10x100g,£1.50,https://groceries.morrisons.com/products/tango-double-squeezee-orange-mango-ice-pops-10x100g/114808294
Rice Pudding & Desserts,Dole Fruit in Jelly Mandarins in Orange Flavour Jelly 123g,£0.55,https://groceries.morrisons.com/products/dole-fruit-in-jelly-mandarins-in-orange-flavour-jelly-123g/110401665
Rice Pudding & Desserts,Hartley's Sugar Free Orange Jelly,£1.20,https://groceries.morrisons.com/products/hartley-s-sugar-free-orange-jelly/100129004
Rice Pudding & Desserts,Hartley's Orange Jelly,£1.00,https://groceries.morrisons.com/products/hartley-s-orange-jelly/100129143
Rice Pudding & Desserts,Hartley's Jelly Play Transport Kit Strawberry & Orange,£3.25,https://groceries.morrisons.com/products/hartley-s-jelly-play-transport-kit-strawberry-orange/113852736
Rice Pudding & Desserts,Hartley's Orange Jelly,£2.00,https://groceries.morrisons.com/products/hartley-s-orange-jelly/113924584
Rice Pudding & Desserts,Jubbly Orange Ice Lollies,£1.65,https://groceries.morrisons.com/products/jubbly-orange-ice-lollies/104441089
Rice Pudding & Desserts,Dole Mandarins In Orange Jelly Fruits Snacks,£2.30,https://groceries.morrisons.com/products/dole-mandarins-in-orange-jelly-fruits-snacks/100145151
Barley,Robinsons Fruit & Barley Orange Squash No Added Sugar,£2.00,https://groceries.morrisons.com/products/robinsons-fruit-barley-orange-squash-no-added-sugar/100164053
Barley,Robinsons Barley Water Orange Squash,£2.65,https://groceries.morrisons.com/products/robinsons-barley-water-orange-squash/100163991
Toiletries & Beauty,Ineos Moisturising Hand Wash Almond & Orange Blossom,£1.50,https://groceries.morrisons.com/products/ineos-moisturising-hand-wash-almond-orange-blossom/114229487
Toiletries & Beauty,Garnier Moisture Bomb Orange Eye Tissue Mask,£3.50,https://groceries.morrisons.com/products/garnier-moisture-bomb-orange-eye-tissue-mask/111522207
Toiletries & Beauty,Herbal Essences Orange Scent Volume Shampoo 350ml,£6.00,https://groceries.morrisons.com/products/herbal-essences-orange-scent-volume-shampoo-350ml/115081998
Toiletries & Beauty,Herbal Essences Orange Scent Volume Conditioner 250ml,£6.00,https://groceries.morrisons.com/products/herbal-essences-orange-scent-volume-conditioner-250ml/115081120
Toiletries & Beauty,SOLV Blood Orange Liquid Collagen Sachet 16ml,£26.00,https://groceries.morrisons.com/products/solv-blood-orange-liquid-collagen-sachet-16ml/114085866
Toiletries & Beauty,Herbal Essences Orange Blossom Conditioner,£6.00,https://groceries.morrisons.com/products/herbal-essences-orange-blossom-conditioner/113654561
Toiletries & Beauty,Herbal Essences Orange Shampoo,£6.00,https://groceries.morrisons.com/products/herbal-essences-orange-shampoo/113660515
Toiletries & Beauty,Original Source Mouthwatering Orange Shower & Shave Foam,£4.00,https://groceries.morrisons.com/products/original-source-mouthwatering-orange-shower-shave-foam/114114903
Toiletries & Beauty,Harry's Truman Starter Park Bright Orange,£14.00,https://groceries.morrisons.com/products/harry-s-truman-starter-park-bright-orange/113260466
Toiletries & Beauty,Harry's 5 Blade Cartridge And Handle Bright Orange 1 Pack,£8.75,https://groceries.morrisons.com/products/harry-s-5-blade-cartridge-and-handle-bright-orange-1-pack/111965198
Toiletries & Beauty,NIVEA Orange & Avocado Oil Shower Cream,£2.00,https://groceries.morrisons.com/products/nivea-orange-avocado-oil-shower-cream/108387577
Energy & Sports,"Overhang Naturally Revitalising Premium Beverage Orange, Ginger And Lime",£1.50,https://groceries.morrisons.com/products/overhang-naturally-revitalising-premium-beverage-orange-ginger-and-lime/109590876
Energy & Sports,Boost Sport Orange,£0.89,https://groceries.morrisons.com/products/boost-sport-orange/113116042
Energy & Sports,Carabao Sport Isotonic Orange Drink,£1.00,https://groceries.morrisons.com/products/carabao-sport-isotonic-orange-drink/113116624
Energy & Sports,Carabao Energy Drink Orange Blast,£0.75,https://groceries.morrisons.com/products/carabao-energy-drink-orange-blast/110452489
Energy & Sports,Reign Storm Clean Energy Drink Valencia Orange 355ml,£1.39,https://groceries.morrisons.com/products/reign-storm-clean-energy-drink-valencia-orange-355ml/113967082
Energy & Sports,Lucozade Energy Drink Orange 4 Pack,£2.00,https://groceries.morrisons.com/products/lucozade-energy-drink-orange-4-pack/110545124
Energy & Sports,Lucozade Energy Orange,£9.00,https://groceries.morrisons.com/products/lucozade-energy-orange/113879621
Energy & Sports,Prime Energy Drink Orange Mango,£1.50,https://groceries.morrisons.com/products/prime-energy-drink-orange-mango/113146532
Energy & Sports,Lucozade Sport Drink Orange 500ml,£1.75,https://groceries.morrisons.com/products/lucozade-sport-drink-orange-500ml/100160301
Energy & Sports,Morrisons Orange Sports Drink,£1.00,https://groceries.morrisons.com/products/morrisons-orange-sports-drink/108080284
Energy & Sports,Lucozade Energy Zero Orange,£1.75,https://groceries.morrisons.com/products/lucozade-energy-zero-orange/111777234
Energy & Sports,Lucozade Energy Drink Orange,£1.75,https://groceries.morrisons.com/products/lucozade-energy-drink-orange/111777111
Energy & Sports,Rubicon RAW Orange & Mango Energy Drink,£1.40,https://groceries.morrisons.com/products/rubicon-raw-orange-mango-energy-drink/112664987
Energy & Sports,Lucozade Sport Drink Orange 4 Pack,£4.00,https://groceries.morrisons.com/products/lucozade-sport-drink-orange-4-pack/100160634
Energy & Sports,Lucozade Energy Orange,£4.50,https://groceries.morrisons.com/products/lucozade-energy-orange/113724056
Energy & Sports,Lucozade Sport Orange 750ml,£1.75,https://groceries.morrisons.com/products/lucozade-sport-orange-750ml/113756293
Crisps,"The Fruit Factory Strawberry, Apple & Orange Fruit Strings",£2.50,https://groceries.morrisons.com/products/the-fruit-factory-strawberry-apple-orange-fruit-strings/100141505
Breakfast Cereal,Cadbury Brunch Light Orange Cereal Bar Multipack,£1.35,https://groceries.morrisons.com/products/cadbury-brunch-light-orange-cereal-bar-multipack/113947946
Still & Sparkling Fruit Drinks,Vit Hit Perform Orange Mango Passionfruit 500ml,£1.80,https://groceries.morrisons.com/products/vit-hit-perform-orange-mango-passionfruit-500ml/114899931
Still & Sparkling Fruit Drinks,Rubicon Spring Orange Mango,£1.35,https://groceries.morrisons.com/products/rubicon-spring-orange-mango/110802160
Still & Sparkling Fruit Drinks,Fruit Shoot Orange Kids Juice Drink,£1.50,https://groceries.morrisons.com/products/fruit-shoot-orange-kids-juice-drink/100163739
Still & Sparkling Fruit Drinks,Morrisons No Added Sugar Fruit Burst Orange Juice Drink,£1.45,https://groceries.morrisons.com/products/morrisons-no-added-sugar-fruit-burst-orange-juice-drink/105173039
Still & Sparkling Fruit Drinks,Capri-Sun Orange,£1.25,https://groceries.morrisons.com/products/capri-sun-orange/110844386
Still & Sparkling Fruit Drinks,Tropicana Orange Sparkling,£1.50,https://groceries.morrisons.com/products/tropicana-orange-sparkling/113976341
Still & Sparkling Fruit Drinks,J2O Orange & Passion Fruit 4 Bottles,£3.50,https://groceries.morrisons.com/products/j2o-orange-passion-fruit-4-bottles/100108932
Still & Sparkling Fruit Drinks,Capri-Sun Orange,£3.00,https://groceries.morrisons.com/products/capri-sun-orange/110802901
Still & Sparkling Fruit Drinks,Capri Sun Zero Orange,£3.00,https://groceries.morrisons.com/products/capri-sun-zero-orange/113438181
Still & Sparkling Fruit Drinks,J2O Orange & Passion Fruit 10 Bottles,£10.45,https://groceries.morrisons.com/products/j2o-orange-passion-fruit-10-bottles/109209490
Still & Sparkling Fruit Drinks,Fruit Shoot Orange Kids Juice Drink,£2.50,https://groceries.morrisons.com/products/fruit-shoot-orange-kids-juice-drink/100163763
Vitamins & Supplements,Haliborange Omega 3 Teen Softies 30's Orange,£6.30,https://groceries.morrisons.com/products/haliborange-omega-3-teen-softies-30-s-orange/108702012
Vitamins & Supplements,Bassetts 12-18 Years Multi Vitamins Orange & Passionfruit,£7.00,https://groceries.morrisons.com/products/bassetts-12-18-years-multi-vitamins-orange-passionfruit/108701861
Vitamins & Supplements,Haliborange Vit C Effervescent 1000mg 20's Orange,£4.50,https://groceries.morrisons.com/products/haliborange-vit-c-effervescent-1000mg-20-s-orange/108364501
Vitamins & Supplements,Haliborange Omega 3 Softies 30's Orange,£6.00,https://groceries.morrisons.com/products/haliborange-omega-3-softies-30-s-orange/105138701
Vitamins & Supplements,Phizz Orange 3in1 Hydration Electrolytes And Vitamins Effervescent 20s,£8.00,https://groceries.morrisons.com/products/phizz-orange-3in1-hydration-electrolytes-and-vitamins-effervescent-20s/113287301
Vitamins & Supplements,Berocca Orange Effervescent Energy Vitamin Tablets,£13.65,https://groceries.morrisons.com/products/berocca-orange-effervescent-energy-vitamin-tablets/105008578
Vitamins & Supplements,Berocca Energy Food Supplement Orange Effervescent Tablets,£5.65,https://groceries.morrisons.com/products/berocca-energy-food-supplement-orange-effervescent-tablets/100699074
Vitamins & Supplements,Morrisons Vitamin C 1000mg Effervescent Vitamins Orange Flavour 20s,£1.35,https://groceries.morrisons.com/products/morrisons-vitamin-c-1000mg-effervescent-vitamins-orange-flavour-20s/114811371
Vitamins & Supplements,Morrisons Orange Flavour Chewable Vitamin C 1000 Mg,£3.50,https://groceries.morrisons.com/products/morrisons-orange-flavour-chewable-vitamin-c-1000-mg/111737558
Vitamins & Supplements,Morrisons Chewable Vitamin C 200Mg Orange Flavour,£2.00,https://groceries.morrisons.com/products/morrisons-chewable-vitamin-c-200mg-orange-flavour/111762104
Vitamins & Supplements,Morrisons Kids Multivitamin & Omega Gummies Orange,£5.00,https://groceries.morrisons.com/products/morrisons-kids-multivitamin-omega-gummies-orange/112567141
Vitamins & Supplements,Morrisons Adult Vitamin C Immune Gummies Orange,£5.00,https://groceries.morrisons.com/products/morrisons-adult-vitamin-c-immune-gummies-orange/112566922
Vitamins & Supplements,SIS Go Isotonic Energy Gels Orange,£7.25,https://groceries.morrisons.com/products/sis-go-isotonic-energy-gels-orange/114017564
Vitamins & Supplements,Dextro Energy Orange,£0.75,https://groceries.morrisons.com/products/dextro-energy-orange/105342550
Vitamins & Supplements,Lift Glucose Tablets Orange,£0.99,https://groceries.morrisons.com/products/lift-glucose-tablets-orange/100732356
World Foods,Caprio Orange Drink,£2.50,https://groceries.morrisons.com/products/caprio-orange-drink/114498581
World Foods,Rubicon Spring Orange & Mango Sparkling Flavoured Water,£1.25,https://groceries.morrisons.com/products/rubicon-spring-orange-mango-sparkling-flavoured-water/110383920
World Foods,Quice Orange Fruit Drink Bottle 250ml,£1.00,https://groceries.morrisons.com/products/quice-orange-fruit-drink-bottle-250ml/113895470
Cooked Meats,Morrisons The Best Smooth Duck & Seville Orange Pate,£2.50,https://groceries.morrisons.com/products/morrisons-the-best-smooth-duck-seville-orange-pate/113360441
Cooked Meats,Market Street Deli Duck & Orange Pate,£0.75,https://groceries.morrisons.com/products/market-street-deli-duck-orange-pate/105811141
"Apple, Blackcurrant & Summerfruit",Vimto Fruit Squash Orange & Pineapple,£1.99,https://groceries.morrisons.com/products/vimto-fruit-squash-orange-pineapple/113223761
"Apple, Blackcurrant & Summerfruit","Vimto Raspberry, Orange & Passionfruit Real Fruit Squash",£2.00,https://groceries.morrisons.com/products/vimto-raspberry-orange-passionfruit-real-fruit-squash/108828168
Health & Wellbeing,Skinny Crunch Light Chocolate Orange Bars,£1.00,https://groceries.morrisons.com/products/skinny-crunch-light-chocolate-orange-bars/112488881
Health & Wellbeing,The Protein Ball Co. Cacao+Orange 6 Balls,£2.00,https://groceries.morrisons.com/products/the-protein-ball-co-cacao-orange-6-balls/109003441
Health & Wellbeing,Skinny Whip Chocolate Orange Bars,£1.15,https://groceries.morrisons.com/products/skinny-whip-chocolate-orange-bars/112782262
Morrison's Bakes It,Mr Kipling Signature Chocolate & Orange Cake Mix,£3.00,https://groceries.morrisons.com/products/mr-kipling-signature-chocolate-orange-cake-mix/113487661
Morrison's Bakes It,Morrisons The Best Valencian Orange Extract,£2.00,https://groceries.morrisons.com/products/morrisons-the-best-valencian-orange-extract/114404231
Jam,Hartley's Ma Made Prepared Thin Cut Seville Oranges,£2.60,https://groceries.morrisons.com/products/hartley-s-ma-made-prepared-thin-cut-seville-oranges/100108078
Household,Nutmeg Home Large Jar Cranberry Orange,£6.00,https://groceries.morrisons.com/products/nutmeg-home-large-jar-cranberry-orange/112904910
Household,Nutmeg Home Large Multi Wick Cranberry Orange,£4.00,https://groceries.morrisons.com/products/nutmeg-home-large-multi-wick-cranberry-orange/112904231
Household,Nutmeg Home Cranberry Orange Oil,£1.00,https://groceries.morrisons.com/products/nutmeg-home-cranberry-orange-oil/112904637
Household,Febreze 3volution Single Refill Orange Blossom,£5.00,https://groceries.morrisons.com/products/febreze-3volution-single-refill-orange-blossom/113730860
Household,Febreze Bathroom Gel Orange Blossom,£3.00,https://groceries.morrisons.com/products/febreze-bathroom-gel-orange-blossom/113730801
Household,Lenor Scent Booster Beads Orange Blossom & White Verbena 275g,£6.00,https://groceries.morrisons.com/products/lenor-scent-booster-beads-orange-blossom-white-verbena-275g/114574521
Household,Lenor Fabric Conditioner Orange Blossom & White Verbena 55 Washes,£4.00,https://groceries.morrisons.com/products/lenor-fabric-conditioner-orange-blossom-white-verbena-55-washes/114563979
Mixers & Adult Soft Drinks,Fever-Tree Light Spiced Orange Ginger Ale,£2.15,https://groceries.morrisons.com/products/fever-tree-light-spiced-orange-ginger-ale/110803710
Mixers & Adult Soft Drinks,J2O Mocktail Strawberry & Orange Blossom Mojito,£1.29,https://groceries.morrisons.com/products/j2o-mocktail-strawberry-orange-blossom-mojito/113350998
Mixers & Adult Soft Drinks,Fever-Tree Italian Blood Orange Soda,£2.15,https://groceries.morrisons.com/products/fever-tree-italian-blood-orange-soda/111117754
Mixers & Adult Soft Drinks,The London Essence Co. Orange & Elderflower Tonic Water Cans,£3.00,https://groceries.morrisons.com/products/the-london-essence-co-orange-elderflower-tonic-water-cans/111550435
Mixers & Adult Soft Drinks,J2O Orange & Passion Fruit 4 Cans,£3.25,https://groceries.morrisons.com/products/j2o-orange-passion-fruit-4-cans/109727393
Mixers & Adult Soft Drinks,San Pellegrino Pomegranate & Orange Cans,£4.50,https://groceries.morrisons.com/products/san-pellegrino-pomegranate-orange-cans/113997417
Mixers & Adult Soft Drinks,London Essence Crafted Soda Orange & Fig,£1.39,https://groceries.morrisons.com/products/london-essence-crafted-soda-orange-fig/113862133
Mixers & Adult Soft Drinks,London Essence Orange & Elderflower Tonic Water,£1.50,https://groceries.morrisons.com/products/london-essence-orange-elderflower-tonic-water/113353419
Tea & Hot Drinks,Twinings Peach & Orange 20 Tea Bags,£2.79,https://groceries.morrisons.com/products/twinings-peach-orange-20-tea-bags/111209026
Tea & Hot Drinks,Tetley Super Fruit Vitamin C Peach and Orange Tea 20's,£2.29,https://groceries.morrisons.com/products/tetley-super-fruit-vitamin-c-peach-and-orange-tea-20-s/107812236
Tea & Hot Drinks,"Pukka Organic Turmeric, Ginger & Orange Herbal Tea Bags x20",£5.00,https://groceries.morrisons.com/products/pukka-organic-turmeric-ginger-orange-herbal-tea-bags-x20/110345245
Tea & Hot Drinks,Good Earth Herbal Tea Passionfruit & Orange 15 Per Pack,£3.00,https://groceries.morrisons.com/products/good-earth-herbal-tea-passionfruit-orange-15-per-pack/113302620
Tea & Hot Drinks,Morrisons Spiced Orange Awakening 40 Bags 80g,£1.75,https://groceries.morrisons.com/products/morrisons-spiced-orange-awakening-40-bags-80g/106469413
Tea & Hot Drinks,Twinings Superblends Sleep Valerian & Orange Blossom 20 Tea Bags,£3.50,https://groceries.morrisons.com/products/twinings-superblends-sleep-valerian-orange-blossom-20-tea-bags/112364351
Lemonade,Sprite Zero Sugar Cans 8x330ml,£3.75,https://groceries.morrisons.com/products/sprite-zero-sugar-cans-8x330ml/110853143
Lemonade,Sprite Cans 8x330ml,£4.00,https://groceries.morrisons.com/products/sprite-cans-8x330ml/110853274
Yogurts,Muller Light Choc Pot Chocolate Orange Dessert,£1.50,https://groceries.morrisons.com/products/muller-light-choc-pot-chocolate-orange-dessert/113935961
Yogurts,Muller Light Protein Pudding Chocolate Orange,£1.50,https://groceries.morrisons.com/products/muller-light-protein-pudding-chocolate-orange/114097592
Duck,Gressingham Bistro Duck Legs With Port & Orange,£6.75,https://groceries.morrisons.com/products/gressingham-bistro-duck-legs-with-port-orange/113945588
Free From,Perkier Cacao & Orange Protein Bars,£2.00,https://groceries.morrisons.com/products/perkier-cacao-orange-protein-bars/110845080
Free From,Deliciously Ella Chocolate Orange Dipped Almonds 27g,£1.50,https://groceries.morrisons.com/products/deliciously-ella-chocolate-orange-dipped-almonds-27g/112747766
Free From,Morrisons 8 Free From Chocolate Orange Cookies,£1.69,https://groceries.morrisons.com/products/morrisons-8-free-from-chocolate-orange-cookies/112367202
Sports Nutrition,Science In Sport GO Isotonic Energy Gel Orange,£1.10,https://groceries.morrisons.com/products/science-in-sport-go-isotonic-energy-gel-orange/107472251
Sports Nutrition,Pulsin Keto Bar Orange Chocolate,£1.50,https://groceries.morrisons.com/products/pulsin-keto-bar-orange-chocolate/112487626
Sports Nutrition,Myprotein Pro X Hyrox - The Recovery Protein Orange & Mango 16,£29.00,https://groceries.morrisons.com/products/myprotein-pro-x-hyrox-the-recovery-protein-orange-mango-16/115055626
Sports Nutrition,Warrior Raw Protein Flapjack-Chocolate Orange,£1.50,https://groceries.morrisons.com/products/warrior-raw-protein-flapjack-chocolate-orange/114153988
Fruit Flavours,Dr Pepper Cans,£7.00,https://groceries.morrisons.com/products/dr-pepper-cans/111003036
Food To Go,Tropicana Pure Smooth Orange Fruit Juice,£2.25,https://groceries.morrisons.com/products/tropicana-pure-smooth-orange-fruit-juice/107251310
Food To Go,Lucozade Energy Drink Orange,£1.75,https://groceries.morrisons.com/products/lucozade-energy-drink-orange/107390811
"Beer, Wines & Spirits",Thatchers Blood Orange Fruit Cider (ABV 4%),£2.75,https://groceries.morrisons.com/products/thatchers-blood-orange-fruit-cider-abv-4/113299408
"Beer, Wines & Spirits",J.J. Whitley Vodka Blood Orange (32% Abv),£22.50,https://groceries.morrisons.com/products/j-j-whitley-vodka-blood-orange-32-abv/114500919
"Beer, Wines & Spirits",Malfy Con Arancia Blood Orange Flavoured Gin,£31.25,https://groceries.morrisons.com/products/malfy-con-arancia-blood-orange-flavoured-gin/111124541
"Beer, Wines & Spirits",Beefeater Blood Orange Flavoured Gin,£19.75,https://groceries.morrisons.com/products/beefeater-blood-orange-flavoured-gin/110742048
"Beer, Wines & Spirits",JJ Whitley Chocolate Orange Vodka,£15.50,https://groceries.morrisons.com/products/jj-whitley-chocolate-orange-vodka/114207368
"Beer, Wines & Spirits",Gordon's Mediterranean Orange Distilled Flavoured Gin,£19.00,https://groceries.morrisons.com/products/gordon-s-mediterranean-orange-distilled-flavoured-gin/111688717
"Beer, Wines & Spirits",Aber Falls Welsh Gin Orange Marmalade 70cl,£26.50,https://groceries.morrisons.com/products/aber-falls-welsh-gin-orange-marmalade-70cl/110836888
"Beer, Wines & Spirits",Cointreau Triple Sec Orange Liqueur,£19.00,https://groceries.morrisons.com/products/cointreau-triple-sec-orange-liqueur/102510095
"Beer, Wines & Spirits",Whitley Neill Blood Orange Gin,£29.50,https://groceries.morrisons.com/products/whitley-neill-blood-orange-gin/113211533
"Beer, Wines & Spirits",Jim Beam Orange,£20.50,https://groceries.morrisons.com/products/jim-beam-orange/113051120
"Beer, Wines & Spirits",Thatchers Blood Orange Fruit Cider (ABV 4%),£12.25,https://groceries.morrisons.com/products/thatchers-blood-orange-fruit-cider-abv-4/113295790
"Beer, Wines & Spirits",Thatchers Blood Orange Cider Cans,£5.50,https://groceries.morrisons.com/products/thatchers-blood-orange-cider-cans/112573954
"Beer, Wines & Spirits",Morrisons Orange Antacid Tablets,£3.15,https://groceries.morrisons.com/products/morrisons-orange-antacid-tablets/110333252
"Beer, Wines & Spirits","Fybogel Hi - Fibre Orange Flavour, 30 Sachets",£15.00,https://groceries.morrisons.com/products/fybogel-hi-fibre-orange-flavour-30-sachets/111342038
"Beer, Wines & Spirits",Fybogel Hi Fibre Orange,£5.60,https://groceries.morrisons.com/products/fybogel-hi-fibre-orange/100694601
"Beer, Wines & Spirits",Rennie Orange Heartburn & Indigestion Chewable Tablets,£2.85,https://groceries.morrisons.com/products/rennie-orange-heartburn-indigestion-chewable-tablets/104518402
"Beer, Wines & Spirits",Rennie Orange Heartburn & Indigestion Chewable Tablets,£6.00,https://groceries.morrisons.com/products/rennie-orange-heartburn-indigestion-chewable-tablets/112002781
"Beer, Wines & Spirits",Terry's Milk Chocolate Orange Truffles Easter Egg 260g,£4.35,https://groceries.morrisons.com/products/terry-s-milk-chocolate-orange-truffles-easter-egg-260g/112917833
"Beer, Wines & Spirits",Terry's Milk Chocolate Orange Easter Egg & Orange Ball 307g,£3.00,https://groceries.morrisons.com/products/terry-s-milk-chocolate-orange-easter-egg-orange-ball-307g/113569316
"Beer, Wines & Spirits",Terry's Milk Chocolate Orange Mini Eggs Bar 90g,£0.81,https://groceries.morrisons.com/products/terry-s-milk-chocolate-orange-mini-eggs-bar-90g/114384621
"Beer, Wines & Spirits",Terry's Milk Chocolate Orange Mini Eggs Easter Egg 200g,£2.00,https://groceries.morrisons.com/products/terry-s-milk-chocolate-orange-mini-eggs-easter-egg-200g/113569279
"Beer, Wines & Spirits",Smarties Orange Flavoured Milk Chocolate Large Easter Egg 188g,£2.00,https://groceries.morrisons.com/products/smarties-orange-flavoured-milk-chocolate-large-easter-egg-188g/113505435
"Beer, Wines & Spirits",Swizzels Squashies Drum Chick Orange & Pineapple Flavour Sweets Bag 120g,£1.00,https://groceries.morrisons.com/products/swizzels-squashies-drum-chick-orange-pineapple-flavour-sweets-bag-120g/114277420
"Beer, Wines & Spirits",Terry's Orange Milk Chocolate Mini Eggs Pouch 70g,£1.50,https://groceries.morrisons.com/products/terry-s-orange-milk-chocolate-mini-eggs-pouch-70g/114383425
"Beer, Wines & Spirits",Terry's Milk Chocolate Orange Minis Exploding Candy Easter Egg 91g,£1.50,https://groceries.morrisons.com/products/terry-s-milk-chocolate-orange-minis-exploding-candy-easter-egg-91g/114397641
"Beer, Wines & Spirits",Morrisons Mini Milk Chocolate Orange Eggs 80g,£1.25,https://groceries.morrisons.com/products/morrisons-mini-milk-chocolate-orange-eggs-80g/113492662
"Beer, Wines & Spirits",Terry's Chocolate Orange Egg 34g,£0.35,https://groceries.morrisons.com/products/terry-s-chocolate-orange-egg-34g/114384671
"Beer, Wines & Spirits",Bassetts Vitamins Pregnancy Strawberry & Orange Multivitamins 30s,£14.00,https://groceries.morrisons.com/products/bassetts-vitamins-pregnancy-strawberry-orange-multivitamins-30s/112980605
"Beer, Wines & Spirits",Cow & Gate Apple Orange & Acerola Baby Food Fruit Pot 6+ Months 4x100g,£1.75,https://groceries.morrisons.com/products/cow-gate-apple-orange-acerola-baby-food-fruit-pot-6-months-4x100g/115019668
"Beer, Wines & Spirits",Ella's Kitchen Organic The Orange One Smoothie Multipack Pouch 6+ Months,£3.85,https://groceries.morrisons.com/products/ella-s-kitchen-organic-the-orange-one-smoothie-multipack-pouch-6-months/109708125
"Beer, Wines & Spirits",Cow & Gate Fruit Pouch Apple Mango Orange & Carrot Baby Food 4+ Months 100g,£0.90,https://groceries.morrisons.com/products/cow-gate-fruit-pouch-apple-mango-orange-carrot-baby-food-4-months-100g/115017890
"Beer, Wines & Spirits",Childs Farm Organic Sweet Orange Hair & Body Wash,£5.00,https://groceries.morrisons.com/products/childs-farm-organic-sweet-orange-hair-body-wash/108951676
"Beer, Wines & Spirits",Nurofen for Children Baby Orange Oral Suspension 3+ months Ibuprofen,£4.00,https://groceries.morrisons.com/products/nurofen-for-children-baby-orange-oral-suspension-3-months-ibuprofen/100731871
"Beer, Wines & Spirits",Organix Apple & Orange Soft Oaty Bars,£3.00,https://groceries.morrisons.com/products/organix-apple-orange-soft-oaty-bars/113495661
"Beer, Wines & Spirits",Organix Kids Choco Orange Mini Flapjack Bites,£3.00,https://groceries.morrisons.com/products/organix-kids-choco-orange-mini-flapjack-bites/113864219
"Beer, Wines & Spirits",Tic Tac Lime & Orange,£1.95,https://groceries.morrisons.com/products/tic-tac-lime-orange/114131720
"Beer, Wines & Spirits",Trip CBD Infused Raspberry Orange Blossom,£5.50,https://groceries.morrisons.com/products/trip-cbd-infused-raspberry-orange-blossom/114773618
"Beer, Wines & Spirits",Goodrays CBD Infused Blood Orange & Grapefruit Sparkling Drink Can 250ml,£2.50,https://groceries.morrisons.com/products/goodrays-cbd-infused-blood-orange-grapefruit-sparkling-drink-can-250ml/114773415
"Beer, Wines & Spirits",Nurofen for Children Orange Oral Suspension 3mths to 9yrs Ibuprofen,£4.25,https://groceries.morrisons.com/products/nurofen-for-children-orange-oral-suspension-3mths-to-9yrs-ibuprofen/100685078
"Beer, Wines & Spirits",Morrisons Infant's and Children's Ibuprofen Suspension Orange Flavour 100ml,£1.49,https://groceries.morrisons.com/products/morrisons-infant-s-and-children-s-ibuprofen-suspension-orange-flavour-100ml/105119067
"Beer, Wines & Spirits",Bonne Maman Chocolate & Orange Spread,£3.00,https://groceries.morrisons.com/products/bonne-maman-chocolate-orange-spread/113442104
"Beer, Wines & Spirits",Tassimo Cadbury Orange Hot Chocolate Pods x8,£5.30,https://groceries.morrisons.com/products/tassimo-cadbury-orange-hot-chocolate-pods-x8/113822967
"Beer, Wines & Spirits",Tassimo Cadbury Orange Hot Chocolate 10 Cups,£5.30,https://groceries.morrisons.com/products/tassimo-cadbury-orange-hot-chocolate-10-cups/114934012
"Beer, Wines & Spirits",Bassetts Vitamins Immune Support 3-11 Years Orange 30s,£7.00,https://groceries.morrisons.com/products/bassetts-vitamins-immune-support-3-11-years-orange-30s/114209460
"Beer, Wines & Spirits",Haliborange Omega 3 Softies 60's Orange,£10.00,https://groceries.morrisons.com/products/haliborange-omega-3-softies-60-s-orange/109606305
"Beer, Wines & Spirits",Haliborange Disney Toy Story Omega 3 Orange 60s,£12.50,https://groceries.morrisons.com/products/haliborange-disney-toy-story-omega-3-orange-60s/114017142
"Beer, Wines & Spirits",Strepsils Orange Vitamin C,£5.80,https://groceries.morrisons.com/products/strepsils-orange-vitamin-c/100696973
"Beer, Wines & Spirits","£100,000 Orange Doubler Scratch Card",£1.00,https://groceries.morrisons.com/products/100-000-orange-doubler-scratch-card/114989030
"Beer, Wines & Spirits",Hy-Pro Freestyle Football Size 3 Orange,£7.00,https://groceries.morrisons.com/products/hy-pro-freestyle-football-size-3-orange/113004948
